True Labels,Predictions
1,0.2668193
1,0.9765266
1,0.9874449
1,0.97969395
1,0.99433076
1,0.8712823
1,0.9249626
1,0.9834325
1,0.9041462
1,0.8161652
1,0.9155605
1,0.92137814
1,0.8329644
1,0.8634555
1,0.9339088
1,0.92609835
1,0.88378084
1,0.98051983
1,0.9931311
1,0.9654551
1,0.99972767
1,0.86666507
1,0.9972662
1,0.97808444
1,0.97542965
1,0.977974
1,0.9552009
1,0.939
1,0.9782096
1,0.97631353
1,0.7299427
1,0.6172856
1,0.8854254
1,0.83291
1,0.7362775
1,0.802392
1,0.7107808
1,0.99787164
1,0.5983266
1,0.9867186
1,0.94100016
1,0.9950552
1,0.8126333
1,0.9711013
1,0.9260467
1,0.987033
1,0.9773746
1,0.9767273
1,0.81626654
1,0.99563855
1,0.9771036
1,0.6321115
1,0.9994968
1,0.9772554
1,0.89468485
1,0.9962256
1,0.9772841
1,0.80571425
1,0.9139293
1,0.9933629
1,0.97842306
1,0.9997296
1,0.9375237
1,0.9744193
1,0.9839065
1,0.9997603
1,0.9782431
1,0.9528276
1,0.979455
1,0.92362213
1,0.96241087
1,0.97678703
1,0.8867978
1,0.9995401
1,0.90132457
1,0.9487938
1,0.59499896
1,0.96318585
1,0.9832244
1,0.9752347
1,0.92518705
1,0.772858
1,0.6702092
1,0.8968631
1,0.99625045
1,0.97815734
1,0.9972185
1,0.9742268
1,0.7539361
1,0.9139087
1,0.8205318
1,0.9997863
1,0.9764935
1,0.9770502
1,0.9851799
1,0.85244954
1,0.9830084
1,0.97593486
1,0.4274371
1,0.9929242
1,0.98783255
1,0.92367727
1,0.9766153
1,0.9756055
1,0.30505696
1,0.6969711
1,0.9877415
1,0.78013825
1,0.9994373
1,0.9810659
1,0.97735095
1,0.912977
1,0.9951232
1,0.9991447
1,0.9983941
1,0.968117
1,0.9960359
1,0.9282386
1,0.97759676
1,0.97489583
1,0.99365187
1,0.9999087
1,0.594786
1,0.93606436
1,0.9412409
1,0.9010269
1,0.9127469
1,0.99504435
1,0.99789774
1,0.99755967
1,0.81217533
1,0.8095009
1,0.16641484
1,0.8000189
1,0.8978493
1,0.8792771
1,0.97850865
1,0.47309753
1,0.80110115
1,0.95859903
1,0.999931
1,0.9991788
1,0.999616
1,0.8902048
1,0.53229153
1,0.9934462
1,0.9248063
1,0.96002126
1,0.99987924
1,0.9904203
1,0.93597716
1,0.99956864
1,0.724475
1,0.8421405
1,0.6064361
1,0.9738733
1,0.9924385
1,0.8195675
1,0.8651236
1,0.9722889
1,0.7804528
1,0.8710026
1,0.8763701
1,0.9422714
1,0.92449147
1,0.99571216
1,0.9842631
1,0.9808639
1,0.9999242
1,0.81316125
1,0.81667054
1,0.9767651
1,0.9869214
1,0.9229401
1,0.94316125
1,0.8243574
1,0.9756085
1,0.5023794
1,0.9308481
1,0.9499508
1,0.9885775
1,0.99764484
1,0.9986357
1,0.97701925
1,0.92351425
1,0.9739377
1,0.9963225
1,0.9605467
1,0.91849786
1,0.923305
1,0.96462107
1,0.94418705
1,0.9919708
1,0.96794
1,0.5908872
1,0.9642687
1,0.96534103
1,0.99974734
1,0.979829
1,0.8140116
1,0.8467828
1,0.89534974
1,0.95307416
1,0.9764806
1,0.8781901
1,0.9998068
1,0.9997985
1,0.8695095
1,0.97896874
1,0.9932641
1,0.6767549
1,0.9064308
1,0.9485501
1,0.973498
1,0.76034003
1,0.77289945
1,0.2651059
1,0.9762322
1,0.9974597
1,0.68913126
1,0.78853905
1,0.9975401
1,0.74933285
1,0.48676336
1,0.46687317
1,0.87283075
1,0.9995746
1,0.8493309
1,0.9165217
1,0.8594626
1,0.81103265
1,0.8936073
1,0.98926383
1,0.97970426
1,0.8211166
1,0.97801995
1,0.9778095
1,0.9705366
1,0.84742016
1,0.85727364
1,0.9998511
1,0.97756857
1,0.99971706
1,0.80985427
1,0.9299917
1,0.93122756
1,0.99181163
1,0.9785245
1,0.98550564
1,0.9994912
1,0.8690306
1,0.8751609
1,0.9859905
1,0.99038106
1,0.98790133
1,0.94910914
1,0.9181907
1,0.79612744
1,0.97000295
1,0.9968016
1,0.92684776
1,0.9777142
1,0.81164396
1,0.971493
1,0.995297
1,0.9776054
1,0.9622984
1,0.6262893
1,0.92106247
1,0.97872293
1,0.82702905
1,0.97913796
1,0.9967996
1,0.99500954
1,0.9944101
1,0.58475167
1,0.97341204
1,0.9993542
1,0.99982136
1,0.9997031
1,0.9790943
1,0.684895
1,0.9996106
1,0.9995741
1,0.99104416
1,0.99556583
1,0.9939466
1,0.4959491
1,0.9730866
1,0.8478386
1,0.9766722
1,0.97299564
1,0.9625382
1,0.97646797
1,0.9790315
1,0.9758076
1,0.9475971
1,0.9219577
1,0.97714466
1,0.7419741
1,0.78111607
1,0.97513956
1,0.9445112
1,0.8846433
1,0.9848792
1,0.990657
1,0.9012561
1,0.99976176
1,0.9984975
1,0.9944733
1,0.9833973
1,0.8320113
1,0.7798487
1,0.9955023
1,0.9543368
1,0.8790458
1,0.9592154
1,0.9113366
1,0.99978393
1,0.8680478
1,0.6577061
1,0.86860615
1,0.42449892
1,0.9150929
1,0.99931777
1,0.95876426
1,0.98716366
1,0.9775264
1,0.93787706
1,0.9166455
1,0.8082365
1,0.72736967
1,0.8544391
1,0.678786
1,0.8684579
1,0.8816816
1,0.9456073
1,0.9849111
1,0.99951947
1,0.90629536
1,0.99978834
1,0.9509348
1,0.94555783
1,0.99978596
1,0.9268882
1,0.99978167
1,0.91775215
1,0.9865649
1,0.9733978
1,0.9995789
1,0.37356737
1,0.92210454
1,0.995116
1,0.90584034
1,0.8330056
1,0.8052995
1,0.98052603
1,0.99987257
1,0.92570966
1,0.9996811
1,0.987944
1,0.9908709
1,0.9765692
1,0.9993697
1,0.9242645
1,0.976542
1,0.9931853
1,0.87098044
1,0.982894
1,0.8707608
1,0.8683201
1,0.7951047
1,0.99114066
1,0.97674197
1,0.78959906
1,0.9559567
1,0.814457
1,0.94311625
1,0.9132189
1,0.877236
1,0.5226411
1,0.7971833
1,0.9996953
1,0.9888136
1,0.9979348
1,0.99985397
1,0.90440893
1,0.9997743
1,0.9997991
1,0.7464209
1,0.2296209
1,0.9612841
1,0.97584814
1,0.91013116
1,0.94242024
1,0.9980069
1,0.7884777
1,0.98034644
1,0.99348056
1,0.8098187
1,0.79053885
1,0.6804548
1,0.5035303
1,0.97680706
1,0.9944423
1,0.83291006
1,0.9998455
1,0.7340067
1,0.99981076
1,0.97802013
1,0.76532006
1,0.916496
1,0.97436994
1,0.99231917
1,0.9868819
1,0.8341278
1,0.83027124
1,0.96525717
1,0.9198713
1,0.9055903
1,0.9998777
1,0.9790111
1,0.77955633
1,0.9971275
1,0.97819304
1,0.96486956
1,0.9967573
1,0.64071685
1,0.9759542
1,0.76586884
1,0.97904974
1,0.9630139
1,0.9709514
1,0.99399066
1,0.91243154
1,0.97466385
1,0.97697383
1,0.9945273
1,0.98075634
1,0.92394334
1,0.592817
1,0.9775638
1,0.9919024
1,0.99573517
1,0.95282483
1,0.9768882
1,0.6598084
1,0.99124944
1,0.9786041
1,0.96802956
1,0.97679204
1,0.8932691
1,0.97822726
1,0.7812279
1,0.97132385
1,0.991521
1,0.93062156
1,0.8769684
1,0.5157989
1,0.8049535
1,0.96841395
1,0.82230276
1,0.999874
1,0.65475917
1,0.97833407
1,0.98866665
1,0.6323149
1,0.81177104
1,0.8687972
1,0.96979946
1,0.6213721
1,0.97841346
1,0.54940337
1,0.8340805
1,0.6126985
1,0.9679382
1,0.9211733
1,0.97943854
1,0.9811928
1,0.9992848
1,0.9779423
1,0.9774071
1,0.85154164
1,0.98422885
1,0.9451174
1,0.8630264
1,0.9793616
1,0.97895104
1,0.91858447
1,0.99459994
1,0.84133357
1,0.61089283
1,0.99836606
1,0.79216737
1,0.7696088
1,0.9759891
1,0.9737681
1,0.81694233
1,0.8827227
1,0.7910181
1,0.9014848
1,0.68135905
1,0.6037259
1,0.7834794
1,0.9998609
1,0.9007907
1,0.804008
1,0.7404269
1,0.97762144
1,0.5982735
1,0.9816496
1,0.97686905
1,0.9879497
1,0.7339671
1,0.6617514
1,0.9973035
1,0.9950394
1,0.9912579
1,0.88962114
1,0.97279763
1,0.9784434
1,0.24191317
1,0.9563376
1,0.9993267
1,0.96822214
1,0.9998753
1,0.9770305
1,0.78667873
1,0.98681796
1,0.97439516
1,0.9996408
1,0.6905986
1,0.9425623
1,0.8783572
1,0.4797021
1,0.9908408
1,0.9847698
1,0.9951054
1,0.99981886
1,0.7489331
1,0.994288
1,0.46545717
1,0.9071994
1,0.80075634
1,0.9921366
1,0.9343216
1,0.9207119
1,0.9994702
1,0.9789547
1,0.90539074
1,0.990522
1,0.9934814
1,0.9990182
1,0.9484449
1,0.8128637
1,0.9963716
1,0.8722295
1,0.991952
1,0.8663835
1,0.988255
1,0.9900586
1,0.9756983
1,0.9787258
1,0.9306822
1,0.9987318
1,0.23891708
1,0.7205339
1,0.79298204
1,0.99939716
1,0.9997042
1,0.82616764
1,0.91983074
1,0.9926237
1,0.8638089
1,0.84440863
1,0.97688967
1,0.83044386
1,0.9787948
1,0.92408675
1,0.99252546
1,0.9454717
1,0.92296225
1,0.956304
1,0.9870997
1,0.8723451
1,0.9998092
1,0.72885996
1,0.74798137
1,0.99695516
1,0.9788126
1,0.99872893
1,0.977772
1,0.98968875
1,0.8222975
1,0.9948573
1,0.82004166
1,0.9997309
1,0.97549576
1,0.7798364
1,0.9463627
1,0.7561729
1,0.9979557
1,0.96953624
1,0.37689027
1,0.7787656
1,0.8392728
1,0.9514126
1,0.9666158
1,0.97769064
1,0.8115072
1,0.764246
1,0.96328264
1,0.9402782
1,0.8113184
1,0.978211
1,0.9721096
1,0.98928225
1,0.9990085
1,0.91911215
1,0.8010972
1,0.61049026
1,0.82367235
1,0.99745244
1,0.8693275
1,0.9999131
1,0.98727465
1,0.9778095
1,0.98685384
1,0.76569396
1,0.925922
1,0.9742488
1,0.98718864
1,0.8399758
1,0.75918823
1,0.9476619
1,0.8168453
1,0.99257225
1,0.9942099
1,0.99965334
1,0.8205777
1,0.99464935
1,0.9996302
1,0.99608517
1,0.9922214
1,0.9995578
1,0.90851915
1,0.8086502
1,0.9425969
1,0.7827207
1,0.9594454
1,0.98528033
1,0.83952963
1,0.61202306
1,0.9984043
1,0.9986224
1,0.9952884
1,0.8733431
1,0.9771753
1,0.81399685
1,0.5880795
1,0.91055024
1,0.9714192
1,0.9682211
1,0.5997847
1,0.22709978
1,0.62216175
1,0.8085668
1,0.97939634
1,0.80940515
1,0.96035194
1,0.98067296
1,0.80095536
1,0.97378767
1,0.99996495
1,0.96160835
1,0.3953846
1,0.95868284
1,0.90961915
1,0.9153489
1,0.7835999
1,0.99638534
1,0.8826988
1,0.9924846
1,0.9781269
1,0.8122017
1,0.99876547
1,0.97825533
1,0.99211276
1,0.9998425
1,0.841254
1,0.9997979
1,0.9766812
1,0.97902197
1,0.6506366
1,0.58315784
1,0.9986533
1,0.9990715
1,0.9819418
1,0.96112734
1,0.9502826
1,0.99181235
1,0.8401888
1,0.9996965
1,0.661299
1,0.97195405
1,0.89096844
1,0.99715734
1,0.98233175
1,0.98976386
1,0.9785337
1,0.9881484
1,0.60873294
1,0.7204022
1,0.97730815
1,0.96618617
1,0.97783434
1,0.93076885
1,0.9649876
1,0.9931677
1,0.8788421
1,0.97417283
1,0.9832599
1,0.9915696
1,0.7507534
1,0.99879444
1,0.994325
1,0.918998
1,0.9994024
1,0.9965215
1,0.97840744
1,0.8627142
1,0.9407868
1,0.9244291
1,0.8466527
1,0.98984957
1,0.82269806
1,0.995883
1,0.9914647
1,0.9687837
1,0.49084663
1,0.98969847
1,0.95495594
1,0.99983644
1,0.85803586
1,0.3165371
1,0.9753679
1,0.9992181
1,0.8966471
1,0.93822473
1,0.88095623
1,0.82032996
1,0.7349947
1,0.9757185
1,0.91646564
1,0.9446855
1,0.9821452
1,0.9795488
1,0.9766449
1,0.65969056
1,0.9906076
1,0.97614676
1,0.97211593
1,0.99550605
1,0.9765577
1,0.91072273
1,0.9778503
1,0.93994
1,0.5063515
1,0.95521986
1,0.82056504
1,0.6049723
1,0.99302906
1,0.9752009
1,0.98246807
1,0.977107
1,0.9997433
1,0.9727411
1,0.9068164
1,0.97399557
1,0.9164974
1,0.9744187
1,0.7889234
1,0.9697855
1,0.99975294
1,0.94447416
1,0.99955004
1,0.95209366
1,0.98337525
1,0.68260086
1,0.9165695
1,0.9803011
1,0.9781821
1,0.90854454
1,0.99974376
1,0.963347
1,0.999286
1,0.96635336
1,0.8054266
1,0.9808708
1,0.97857964
1,0.9854441
1,0.99293476
1,0.99971074
1,0.9998852
1,0.9927632
1,0.97632354
1,0.8326639
1,0.48401672
1,0.96723247
1,0.92641735
1,0.95196563
1,0.9433473
1,0.83289206
1,0.7351694
1,0.98095566
1,0.89280456
1,0.7734236
1,0.80690026
1,0.9791685
1,0.1905989
1,0.99878544
1,0.8240026
1,0.9783167
1,0.979035
1,0.9789417
1,0.9987388
1,0.9759129
1,0.998899
1,0.9236487
1,0.9996624
1,0.9264478
1,0.952835
1,0.48907623
1,0.99069995
1,0.9199256
1,0.9965836
1,0.9218951
1,0.9955592
1,0.8331921
1,0.91202074
1,0.97816235
1,0.94081324
1,0.9988607
1,0.97460294
1,0.9767055
1,0.99882346
1,0.9998259
1,0.975418
1,0.99986064
1,0.96935856
1,0.9811389
1,0.9561332
1,0.94840115
1,0.861968
1,0.9294314
1,0.9920288
1,0.9463428
1,0.7498475
1,0.9539828
1,0.9889949
1,0.52424806
1,0.76070523
1,0.53186643
1,0.81379426
1,0.8286553
1,0.94020873
1,0.9929894
1,0.95531887
1,0.6552142
1,0.87923557
1,0.9628307
1,0.99030787
1,0.23744589
1,0.42354968
1,0.9672286
1,0.99386543
1,0.97784
1,0.9753347
1,0.6069401
1,0.9117185
1,0.8302197
1,0.9161394
1,0.89520806
1,0.8143968
1,0.98733634
1,0.9760966
1,0.83496064
1,0.8144569
1,0.9989557
1,0.97682035
1,0.9299547
1,0.9182866
1,0.93329453
1,0.33923343
1,0.9739691
1,0.91256434
1,0.9759529
1,0.79344946
1,0.99348724
1,0.7861555
1,0.97666854
1,0.6148562
1,0.9810947
1,0.9997105
1,0.9392132
1,0.99959666
1,0.80071443
1,0.9768489
1,0.7974908
1,0.9725724
1,0.7544432
1,0.98055834
1,0.9899967
1,0.9772809
1,0.9383178
1,0.9225187
1,0.9996693
1,0.8401022
1,0.08582283
1,0.8419277
1,0.98014873
1,0.9687053
1,0.99949956
1,0.60689884
1,0.80386204
1,0.9994404
1,0.97575104
1,0.915271
1,0.69592667
1,0.9965874
1,0.8487346
1,0.9769215
1,0.98976725
1,0.47727922
1,0.99951565
1,0.99963796
1,0.97776586
1,0.99452364
1,0.9995741
1,0.6930753
1,0.9988318
1,0.18599859
1,0.9915951
1,0.97898483
1,0.9997706
1,0.3464744
1,0.97289115
1,0.82175195
1,0.976474
1,0.8129038
1,0.9061587
1,0.995999
1,0.79275733
1,0.19611144
1,0.97864693
1,0.7587613
1,0.9267716
1,0.8864899
1,0.92291534
1,0.9423202
1,0.9351612
1,0.999476
1,0.9559445
1,0.96062523
1,0.91136736
1,0.9956637
1,0.81809723
1,0.85668457
1,0.9776013
1,0.97853184
1,0.97706056
1,0.8531286
1,0.5895885
1,0.81695014
1,0.99931884
1,0.9997608
1,0.7778387
1,0.9752109
1,0.82585484
1,0.8087152
1,0.9877487
1,0.78297716
1,0.9999083
1,0.99493647
1,0.776163
1,0.9808209
1,0.93707824
1,0.9794201
1,0.9323175
1,0.8185497
1,0.6848236
1,0.978517
1,0.86072946
1,0.99251527
1,0.9872032
1,0.97351724
1,0.98607165
1,0.97830325
1,0.694464
1,0.9608172
1,0.9295052
1,0.97158605
1,0.9165834
1,0.9635867
1,0.74437577
1,0.9765329
1,0.82190263
1,0.90703434
1,0.9947312
1,0.99988866
1,0.99881905
1,0.98397696
1,0.7546796
1,0.97829
1,0.9758104
1,0.9813995
1,0.9215147
1,0.96242315
1,0.27538782
1,0.9995621
1,0.631078
1,0.99990606
1,0.9638515
1,0.7985744
1,0.9999207
1,0.9912676
1,0.97097474
1,0.9124072
1,0.96946275
1,0.99931693
1,0.98299825
1,0.98799187
1,0.9680894
1,0.86025083
1,0.90406084
1,0.76125336
1,0.98015976
1,0.8078306
1,0.710077
1,0.853875
1,0.97756654
1,0.94655716
1,0.9780255
1,0.9533322
1,0.9463233
1,0.99827886
1,0.8970636
1,0.9461058
1,0.98785573
1,0.6388927
1,0.98558414
1,0.99606293
1,0.8040225
1,0.99040025
1,0.9724511
1,0.91080904
1,0.3640896
1,0.942672
1,0.65055245
1,0.9210623
1,0.96836966
1,0.9937644
1,0.89635277
1,0.9414215
1,0.9623154
1,0.7966348
1,0.97840494
1,0.82168406
1,0.8702018
1,0.9959329
1,0.72889566
1,0.779714
1,0.9693996
1,0.9251951
1,0.8075672
1,0.978839
1,0.88380885
1,0.91893667
1,0.99585176
1,0.9930595
1,0.8107969
1,0.9991099
1,0.9870313
1,0.6453705
1,0.9937791
1,0.7756153
1,0.9591658
1,0.91354126
1,0.97314566
1,0.9064597
1,0.9777959
1,0.98714197
1,0.9785125
1,0.995204
1,0.9836944
1,0.9747808
1,0.7691677
1,0.9510636
1,0.9640573
1,0.980926
1,0.99351656
1,0.9572071
1,0.993719
1,0.9756233
1,0.578248
1,0.9990627
1,0.99698347
1,0.9997801
1,0.9117575
1,0.79551804
1,0.85612255
1,0.93066555
1,0.99508506
1,0.98155296
1,0.98032516
1,0.9759344
1,0.33349046
1,0.99982387
1,0.9864905
1,0.9773446
1,0.97381115
1,0.9907991
1,0.89767617
1,0.951657
1,0.7075062
1,0.4305581
1,0.8135016
1,0.9187152
1,0.91796565
1,0.96744496
1,0.9990244
1,0.9831729
1,0.9995086
1,0.9777209
1,0.83888817
1,0.97822535
1,0.80458546
1,0.9902069
1,0.97765005
1,0.99781203
1,0.99964464
1,0.917371
1,0.99973124
1,0.88801587
1,0.9656145
1,0.99582714
1,0.8668846
1,0.97877824
1,0.8556176
1,0.84212065
1,0.988741
1,0.9930356
1,0.97773093
1,0.79186714
1,0.91386884
1,0.99986064
1,0.9771978
1,0.8127515
1,0.99773276
1,0.97727394
1,0.98249704
1,0.7558848
1,0.97382283
1,0.99974483
1,0.9794317
1,0.8322738
1,0.9422932
1,0.9771194
1,0.97833794
1,0.82690746
1,0.973435
1,0.9771185
1,0.99496883
1,0.97630095
1,0.88569474
1,0.9705287
1,0.974113
1,0.97506124
1,0.99928564
1,0.9805253
1,0.9526433
1,0.8181719
1,0.9728194
1,0.96500885
1,0.81691575
1,0.9910431
1,0.98951894
1,0.9778789
1,0.98170644
1,0.9601143
1,0.5890253
1,0.5957071
1,0.9138621
1,0.871747
1,0.9714246
1,0.80644244
1,0.9989159
1,0.9761471
1,0.94531465
1,0.9977519
1,0.6821833
1,0.9950655
1,0.97960997
1,0.9990453
1,0.90277153
1,0.96324986
1,0.9705184
1,0.92958987
1,0.9181359
1,0.9814804
1,0.99827373
1,0.9770726
1,0.80542934
1,0.42782876
1,0.826134
1,0.93331033
1,0.991306
1,0.9782602
1,0.75982946
1,0.99771774
1,0.9775047
1,0.9996381
1,0.97378933
1,0.817173
1,0.9846795
1,0.9786482
1,0.9608761
1,0.9759966
1,0.60336465
1,0.98587996
1,0.75974196
1,0.9770445
1,0.94197935
1,0.8531926
1,0.88251084
1,0.9822312
1,0.93626964
1,0.938269
1,0.9957663
1,0.93180585
1,0.9883789
1,0.9986254
1,0.89429045
1,0.97891486
1,0.9971935
1,0.9997216
1,0.97491676
1,0.999853
1,0.97437614
1,0.8505965
1,0.9766336
1,0.9959149
1,0.8353608
1,0.99951255
1,0.98053694
1,0.9998702
1,0.96794355
1,0.4745858
1,0.9785655
1,0.47831875
1,0.9997094
1,0.9995347
1,0.67131615
1,0.9456598
1,0.98831207
1,0.8575764
1,0.9724318
1,0.66168445
1,0.98048234
1,0.99967825
1,0.92327255
1,0.6065934
1,0.99046564
1,0.87319857
1,0.99378043
1,0.98965526
1,0.9780135
1,0.8741416
1,0.93849593
1,0.97922933
1,0.97660667
1,0.98538554
1,0.9941551
1,0.17909566
1,0.8369837
1,0.75556695
1,0.81394905
1,0.9997259
1,0.9767163
1,0.9780532
1,0.8030276
1,0.9183579
1,0.9732742
1,0.983836
1,0.70666474
1,0.9430642
1,0.97776186
1,0.97687846
1,0.9755131
1,0.8033785
1,0.7436451
1,0.99010146
1,0.9782682
1,0.97315943
1,0.9741687
1,0.97027975
1,0.97842205
1,0.95953244
1,0.52511847
1,0.9735265
1,0.999699
1,0.96891487
1,0.98478806
1,0.9780067
1,0.9769916
1,0.52971387
1,0.9863303
1,0.9760966
1,0.99516463
1,0.9728617
1,0.99652076
1,0.999252
1,0.977629
1,0.9205098
1,0.9490699
1,0.98688763
1,0.5886178
1,0.99969125
1,0.972909
1,0.8500659
1,0.93721586
1,0.953321
1,0.74710274
1,0.9998406
1,0.54058164
1,0.7226756
1,0.5292734
1,0.9923672
1,0.9661884
1,0.6015541
1,0.90636367
1,0.979001
1,0.9461015
1,0.96018595
1,0.99967396
1,0.914216
1,0.81458086
1,0.91501015
1,0.9948801
1,0.9858187
1,0.9324147
1,0.6142935
1,0.9865216
1,0.9650634
1,0.9927119
1,0.99981815
1,0.9992914
1,0.8986003
1,0.9933048
1,0.8134674
1,0.9797768
1,0.93284464
1,0.9610257
1,0.9956018
1,0.97863626
1,0.8093381
1,0.9744908
1,0.5952848
1,0.7215821
1,0.96870506
1,0.9998503
1,0.9998357
1,0.9998573
1,0.8836476
1,0.9782761
1,0.99657613
1,0.97919124
1,0.9965084
1,0.9792062
1,0.97375983
1,0.92855537
1,0.95877093
1,0.9938344
1,0.8470489
1,0.97672755
1,0.9207004
1,0.9998853
1,0.92980474
1,0.9989416
1,0.97387344
1,0.97380507
1,0.999824
1,0.9295766
1,0.79105157
1,0.95126116
1,0.7481285
1,0.97694117
1,0.97300446
1,0.97348976
1,0.98865485
1,0.9939726
1,0.97609335
1,0.9998642
1,0.9752288
1,0.8231518
1,0.9765909
1,0.9999331
1,0.97797066
1,0.947529
1,0.5233506
1,0.72472006
1,0.9221474
1,0.95141953
1,0.95815796
1,0.9749908
1,0.8111548
1,0.95500106
1,0.99981564
1,0.6409913
1,0.9944617
1,0.9740936
1,0.828628
1,0.99608934
1,0.9177871
1,0.9601872
1,0.97579724
1,0.9890293
1,0.9722339
1,0.60053855
1,0.99727637
1,0.9995036
1,0.6904653
1,0.9276595
1,0.94706506
1,0.9804601
1,0.87991315
1,0.9789449
1,0.98936874
1,0.9845254
1,0.9638009
1,0.969822
1,0.9962954
1,0.97684526
1,0.9934449
1,0.9996853
1,0.9990996
1,0.9865078
1,0.98846114
1,0.8443414
1,0.99813145
1,0.993447
1,0.95296943
1,0.7158527
1,0.9845412
1,0.8082214
1,0.57099664
1,0.98770463
1,0.92155135
1,0.99722606
1,0.5101879
1,0.99921
1,0.98814744
1,0.9647656
1,0.9997496
1,0.9939581
1,0.808934
1,0.22747366
1,0.7426253
1,0.9541451
1,0.9390209
1,0.9725815
1,0.9795488
1,0.9089323
1,0.743387
1,0.54549605
1,0.97772855
1,0.7833296
1,0.9118284
1,0.81816715
1,0.93323755
1,0.998892
1,0.7748611
1,0.97728795
1,0.39911664
1,0.9733444
0,0.9019648
0,0.0019305483
0,0.0025345131
0,0.00055897597
0,0.0018827763
0,0.003260391
0,0.21946391
0,0.00015115143
0,0.0018067912
0,0.005432279
0,0.45033047
0,8.837688e-05
0,0.000964244
0,0.26275003
0,6.757523e-05
0,0.00035347615
0,0.0022407572
0,0.004582141
0,0.003595013
0,0.011427994
0,0.012611373
0,0.008463419
0,0.0021173954
0,4.698069e-05
0,0.0077861664
0,0.0012785869
0,0.36393234
0,0.026842281
0,0.00019370845
0,1.3148257e-05
0,8.2251056e-05
0,9.005584e-06
0,1.6398257e-05
0,0.00039209094
0,0.007441209
0,0.023279719
0,0.0026050282
0,0.36990568
0,0.0030901693
0,0.86301124
0,0.03191018
0,0.98396295
0,0.06099121
0,0.18732658
0,2.5778949e-05
0,0.0027160044
0,0.28520045
0,0.013978163
0,0.041857284
0,0.0063409074
0,0.00018563593
0,0.21642534
0,0.011727831
0,0.02007478
0,4.6695277e-05
0,9.657747e-05
0,0.0042019403
0,0.004104053
0,0.27257463
0,0.30066597
0,0.0001412095
0,9.542516e-06
0,3.152896e-05
0,0.00015774537
0,0.054116655
0,0.14006625
0,0.00016824303
0,4.287309e-05
0,0.0017806387
0,0.000517764
0,2.2971148e-05
0,0.00075896614
0,0.0025489004
0,1.1440627e-05
0,0.0010278877
0,0.95776075
0,0.002505573
0,0.25415385
0,0.22280651
0,0.04947977
0,6.661881e-05
0,2.2342474e-05
0,4.595226e-05
0,4.4699907e-05
0,0.006191265
0,0.00029336027
0,0.38073608
0,0.0004756507
0,0.22251888
0,0.0006841257
0,0.91922194
0,5.9417824e-05
0,0.045214333
0,0.46252495
0,0.00042198156
0,0.20608056
0,0.00024274379
0,0.00015999323
0,0.00017294548
0,0.064820565
0,0.093118094
0,0.015249896
0,0.049466286
0,3.1019244e-05
0,0.29627424
0,0.0041897157
0,4.8364825e-05
0,0.052246217
0,3.1284202e-05
0,2.0380883e-05
0,0.995103
0,0.0002624229
0,0.00015335783
0,0.0011723713
0,0.014242857
0,0.032896418
0,0.007023156
0,0.46399626
0,0.0012245079
0,0.011888857
0,0.02415914
0,0.048964284
0,0.0012474516
0,0.0010058259
0,6.38096e-05
0,0.013796104
0,0.009582321
0,8.192214e-05
0,0.09772648
0,0.027205547
0,0.04806602
0,0.34788945
0,0.014959179
0,0.04308433
0,0.023213618
0,0.052082904
0,0.00022082184
0,0.06548207
0,2.4502424e-06
0,0.18310829
0,0.00047413175
0,0.00029121953
0,0.2816107
0,0.0007475441
0,0.00905814
0,1.0780012e-05
0,0.013492518
0,0.9488185
0,0.14944954
0,0.0015196386
0,2.9244025e-05
0,0.00017424668
0,0.10516774
0,6.6128654e-05
0,0.00038628027
0,0.9072604
0,0.041855555
0,0.08984706
0,0.00014545937
0,0.0012632831
0,0.024749573
0,0.009093975
0,0.0013865967
0,0.42998886
0,0.004641727
0,0.9755756
0,0.002106509
0,0.0044423565
0,3.484449e-05
0,1.9668314e-06
0,0.0003371782
0,0.0006009415
0,0.002365837
0,9.946641e-06
0,0.0006242409
0,0.0010583547
0,0.009063831
0,0.00548458
0,0.0044022794
0,0.00014990984
0,0.13813661
0,1.8398585e-05
0,0.00401221
0,0.011771895
0,0.0043061846
0,0.0038711226
0,0.014049418
0,0.0028382826
0,0.0012628959
0,0.12559177
0,0.18759409
0,0.06871796
0,0.00090983766
0,0.0068420633
0,2.2372024e-05
0,0.07845156
0,0.00043979284
0,0.0102975555
0,0.00017063424
0,0.21949527
0,0.0006388227
0,0.025155509
0,0.00018442688
0,0.97403085
0,0.00035274195
0,3.2374963e-05
0,0.00010332603
0,9.151808e-05
0,0.98777956
0,0.0003710471
0,2.6515992e-05
0,0.06833711
0,3.2326956e-05
0,2.8437416e-05
0,0.00016361408
0,0.7747542
0,0.00036217878
0,0.00017109662
0,8.100037e-06
0,0.12351684
0,0.00018230698
0,0.000354546
0,1.8420267e-05
0,1.3812204e-05
0,0.100145504
0,3.0898846e-05
0,0.7122436
0,0.002057586
0,0.00014521339
0,0.7013877
0,0.05942717
0,0.1249025
0,0.523312
0,1.12257685e-05
0,0.0034720316
0,0.0013657652
0,0.027158992
0,0.16069871
0,0.0002089303
0,0.0025134317
0,0.0046451893
0,0.00892862
0,0.007972084
0,1.5943095e-05
0,0.0020665752
0,0.0030798728
0,0.00094251544
0,0.8412587
0,0.98406535
0,1.9457589e-06
0,0.0013389201
0,0.0024287559
0,0.00020553927
0,0.8747164
0,6.5512475e-05
0,0.008069079
0,0.0003399038
0,0.26563025
0,0.00018916864
0,0.12215744
0,0.018898465
0,0.0019682138
0,0.000710014
0,0.032810934
0,0.0058781225
0,0.7038267
0,0.008297345
0,0.78458565
0,0.00015801318
0,0.021910915
0,1.5038122e-05
0,0.8413313
0,0.00018543568
0,2.779652e-05
0,0.030946657
0,3.0102008e-05
0,2.6306841e-05
0,0.31001124
0,6.093786e-05
0,0.0891217
0,0.7532525
0,7.0459166e-05
0,2.469934e-05
0,0.93772537
0,0.44352096
0,7.2358507e-06
0,0.017904412
0,0.9902373
0,0.0026525296
0,0.0013381802
0,0.00382142
0,4.4636316e-05
0,0.0063305865
0,0.030294616
0,0.0057337712
0,0.22731625
0,0.23038307
0,0.4828586
0,0.51178944
0,0.027656553
0,0.31259724
0,0.000652374
0,0.027408917
0,1.2807587e-05
0,0.12908441
0,1.7718346e-05
0,0.45780358
0,0.25236753
0,0.02042913
0,0.008183601
0,0.011806976
0,3.9107897e-05
0,4.2135638e-05
0,0.050142296
0,0.010947753
0,8.95234e-06
0,0.00056808215
0,0.1527273
0,0.2992186
0,6.218443e-05
0,0.032262687
0,0.00014392694
0,0.00042123505
0,3.8965027e-05
0,6.9538814e-06
0,0.98606014
0,0.036815234
0,0.0019343807
0,0.00036008956
0,0.016733866
0,0.9955733
0,0.0008402277
0,0.01515058
0,6.0026186e-06
0,0.006429388
0,0.0012729386
0,0.0028969736
0,0.0016790678
0,0.34958172
0,0.005587071
0,0.08078146
0,2.0365994e-06
0,1.314758e-05
0,0.00015881132
0,3.6237976e-05
0,0.00076838996
0,0.084791705
0,0.12946813
0,0.00010902574
0,5.8343903e-06
0,0.0023216137
0,0.99542737
0,2.9942676e-05
0,0.93069416
0,0.5569422
0,0.17033908
0,0.0033762706
0,0.0033714396
0,0.03215428
0,0.08602171
0,0.005316054
0,0.00018741979
0,0.20376617
0,0.062306825
0,0.0075865015
0,0.014327148
0,0.0017504601
0,0.00013131285
0,0.03188021
0,0.064966746
0,0.0010606671
0,0.108751155
0,0.0006938117
0,0.00016045108
0,4.680364e-06
0,0.3277783
0,2.6908878e-05
0,0.007512426
0,0.0026513073
0,1.5388938e-05
0,0.007148364
0,0.05231616
0,0.00014978655
0,0.027334545
0,0.24498689
0,0.00017924368
0,0.061775394
0,0.023408283
0,0.0074275457
0,0.9748375
0,0.00017742577
0,0.00016757475
0,0.025581842
0,0.04389762
0,0.56612706
0,0.98123896
0,0.0010162571
0,2.2551809e-05
0,0.52541304
0,0.009839101
0,0.00050149806
0,0.01623061
0,0.013395255
0,0.011596248
0,0.00041949452
0,0.013541681
0,0.011051842
0,7.830695e-05
0,0.006323329
0,3.719717e-05
0,0.052442465
0,0.81571805
0,0.002924808
0,0.22708766
0,0.52947766
0,0.31743675
0,0.014952133
0,0.015037184
0,0.00015857466
0,0.9052971
0,0.00020382655
0,7.6715905e-06
0,0.0016942201
0,0.0020764265
0,0.00047280418
0,0.91769
0,3.0638756e-05
0,3.248918e-05
0,0.4851393
0,0.025506463
0,0.33354124
0,0.082248494
0,0.0001462535
0,4.7164245e-05
0,1.4377498e-05
0,1.0633237e-05
0,4.559028e-05
0,0.9351861
0,6.164482e-06
0,0.5018271
0,0.23093839
0,2.529757e-05
0,0.34604663
0,0.8637676
0,2.8442788e-05
0,0.9376419
0,0.003326645
0,0.04491281
0,1.2139028e-05
0,3.0167586e-05
0,2.6516247e-05
0,7.6927485e-05
0,7.685687e-06
0,0.00013133201
0,0.00074167125
0,0.009379693
0,0.00054669345
0,0.00057601964
0,4.252052e-05
0,7.245264e-05
0,1.1245604e-05
0,0.0029389313
0,2.6231386e-05
0,0.17026567
0,0.0010744967
0,0.0012536979
0,0.0056202784
0,0.17146914
0,0.09737562
0,0.034736056
0,0.031768817
0,0.99431133
0,0.053610515
0,0.96048576
0,0.0001447762
0,0.52824455
0,0.7237928
0,0.006402523
0,0.0015855198
0,0.36049223
0,0.052249674
0,3.100697e-05
0,0.38000247
0,0.0038434602
0,0.8330948
0,0.00016589984
0,2.2053307e-05
0,0.00074567925
0,0.0023894089
0,0.00099695
0,9.371916e-06
0,0.0008351121
0,4.6977543e-06
0,0.0002151608
0,1.575318e-05
0,3.0868952e-05
0,0.0010284279
0,0.004087567
0,8.067539e-05
0,0.03718117
0,7.4969685e-06
0,0.0077216392
0,0.0011722931
0,0.57461745
0,0.40258875
0,0.882764
0,0.0008168677
0,0.99124897
0,0.0013040365
0,0.14825223
0,0.02163117
0,0.00086079526
0,9.925273e-06
0,0.93441707
0,1.1415887e-05
0,0.00290495
0,0.021575235
0,9.379642e-05
0,6.872243e-05
0,0.0025660489
0,0.0015159062
0,0.047096718
0,7.229149e-05
0,2.481491e-05
0,0.6815322
0,0.14829451
0,6.72393e-05
0,0.50794655
0,0.0039333203
0,0.2910913
0,0.014428826
0,0.017910834
0,0.0003295081
0,0.69936484
0,0.68865824
0,0.00017333213
0,0.0012976589
0,0.9470629
0,0.78670883
0,0.00067072053
0,2.9672063e-05
0,0.0041921693
0,0.6961719
0,0.20133874
0,0.76138264
0,0.50331736
0,0.00012714956
0,2.0204547e-05
0,0.112971105
0,0.57147413
0,0.00041453415
0,0.015051139
0,0.52823824
0,0.73043466
0,0.0026337074
0,2.2789542e-05
0,0.001997108
0,0.0003419684
0,0.015547225
0,0.0005511267
0,0.00062667095
0,0.0395467
0,0.00029637245
0,0.033174958
0,0.00048644104
0,0.3407803
0,0.1855676
0,2.3705148e-05
0,0.008571469
0,0.0017247973
0,1.561283e-05
0,0.019180002
0,0.59082615
0,0.0009969282
0,0.00024833283
0,0.0037960908
0,4.75331e-05
0,4.403002e-06
0,0.0023512533
0,5.46075e-06
0,0.14051041
0,0.0042681047
0,4.6713318e-05
0,6.391216e-05
0,1.1993087e-05
0,0.80099183
0,1.5132091e-05
0,0.00012140799
0,0.029131614
0,2.2581722e-05
0,1.0382029e-05
0,2.9765934e-05
0,0.6133257
0,0.0017235473
0,8.33546e-06
0,2.0611446e-06
0,8.595031e-05
0,0.10994429
0,0.012490375
0,0.0018224188
0,4.8293023e-05
0,0.0004536737
0,0.27260828
0,1.6735508e-05
0,0.077060536
0,2.7007261e-05
0,0.1021368
0,5.660913e-06
0,0.28885645
0,4.7448633e-05
0,4.767844e-06
0,4.3230026e-05
0,0.01243545
0,0.009065527
0,4.8165708e-05
0,0.010387962
0,4.57509e-05
0,0.00016709848
0,0.040247336
0,0.029696727
0,0.00017514735
0,0.0046678623
0,0.00018594453
0,0.00010217624
0,0.055595286
0,0.09941513
0,0.01942879
0,6.652714e-05
0,0.00034166273
0,6.491844e-05
0,0.6888921
0,0.71704584
0,0.0052569853
0,0.0013515591
0,0.025076326
0,6.774873e-05
0,9.1483096e-05
0,0.0004773558
0,3.941555e-05
0,0.0023445594
0,7.991504e-06
0,0.39294273
0,0.00015787371
0,0.0854447
0,0.024967374
0,0.019326273
0,0.030532356
0,0.007480206
0,0.036828957
0,0.014539672
0,0.81019324
0,0.0011283997
0,0.012836118
0,4.0561878e-05
0,0.009906433
0,0.011086538
0,0.00018033879
0,0.00078851636
0,4.420332e-06
0,0.01942153
0,0.0038467788
0,8.362276e-06
0,0.6477463
0,0.8452915
0,3.042846e-05
0,0.00017809546
0,0.00012923378
0,0.0068548936
0,0.010097539
0,0.014189198
0,0.00015245008
0,0.0001399181
0,0.001229653
0,0.2904775
0,1.4916216e-05
0,0.000452768
0,0.001253165
0,0.0033674878
0,0.0022383023
0,0.017501824
0,0.27953455
0,1.158296e-05
0,2.2635928e-05
0,0.00011599576
0,2.225675e-05
0,0.0009660955
0,0.9462378
0,0.0014981626
0,0.058395572
0,0.54015785
0,1.1620246e-05
0,4.1654934e-05
0,0.24611889
0,2.2213451e-05
0,1.1116381e-05
0,0.0010626105
0,0.19714531
0,2.7536007e-05
0,0.00029246046
0,0.0057987235
0,0.00027755686
0,0.24013767
0,0.006430817
0,0.037358075
0,0.64631635
0,0.0018289979
0,0.008734854
0,1.1138741e-05
0,0.046076618
0,0.0073553873
0,3.0235095e-05
0,0.030137986
0,6.1967826e-06
0,0.00059782405
0,0.0024140452
0,0.002621729
0,0.0047990964
0,0.0009536635
0,0.003917986
0,0.0001837152
0,0.8817733
0,0.01726092
0,7.1611466e-06
0,8.46544e-06
0,0.00017610285
0,0.1482084
0,6.937627e-05
0,0.11482546
0,0.00011525482
0,7.297458e-06
0,2.8039756e-05
0,0.0028389047
0,0.17697342
0,0.003121449
0,0.000698697
0,0.039909955
0,0.00047979457
0,0.0022501722
0,0.0129776765
0,0.5479423
0,0.0018447662
0,0.0014867675
0,2.7488988e-05
0,3.084944e-05
0,0.00011831443
0,0.7500493
0,0.00010997667
0,4.8845854e-05
0,0.021963758
0,0.0033875303
0,0.00018479953
0,0.004721846
0,0.74446374
0,0.0007859849
0,9.4791976e-05
0,0.11247988
0,0.37370518
0,0.05380116
0,2.336938e-05
0,0.035379935
0,0.013755976
0,6.945378e-05
0,0.036213856
0,1.5117624e-05
0,0.06436914
0,8.776297e-05
0,0.00018708823
0,6.8670146e-05
0,0.0031373373
0,0.00072358624
0,0.93772215
0,0.7565688
0,0.0024266208
0,0.00026720218
0,0.2970761
0,0.024970982
0,0.7514099
0,0.013364331
0,0.0005134872
0,0.004238187
0,0.062195282
0,0.22996818
0,2.8137712e-05
0,0.0035011135
0,0.73388857
0,1.18070975e-05
0,0.0035350763
0,0.9979013
0,0.2698657
0,0.009914929
0,0.03702113
0,0.00019161777
0,0.000871068
0,0.00042404738
0,0.0020409625
0,0.6567222
0,0.86870533
0,1.476391e-05
0,0.0020540885
0,0.00024591447
0,6.937627e-05
0,0.0001766001
0,2.4002857e-06
0,0.010181746
0,0.00088582054
0,0.98749614
0,2.6400028e-05
0,0.99746263
0,0.028416872
0,0.9498515
0,0.00047302505
0,7.843546e-06
0,0.052029897
0,0.051406674
0,0.015546845
0,0.18039097
0,0.025609588
0,0.0399703
0,0.002124493
0,0.0006169786
0,3.786075e-05
0,0.0070399893
0,2.928251e-05
0,0.8377477
0,0.003748983
0,0.6409004
0,0.6274247
0,0.6577972
0,0.0060333363
0,0.029282717
0,0.35390687
0,0.00028710306
0,0.007810813
0,0.000532141
0,0.544034
0,4.594262e-05
0,0.0004094121
0,5.551359e-05
0,0.0004508615
0,0.00015633676
0,0.027299765
0,0.0005268367
0,7.2240626e-05
0,0.0064972015
0,0.9030484
0,6.133986e-05
0,0.0009136107
0,0.00032306265
0,0.0019470314
0,4.37733e-05
0,0.001315894
0,0.013572576
0,6.824835e-05
0,0.005704717
0,0.010554234
0,0.16222616
0,0.0066083083
0,0.012704835
0,0.000386029
0,0.003070739
0,0.79397255
0,0.0024724714
0,0.00033416005
0,0.00033974444
0,2.8030427e-05
0,0.002399664
0,0.8249185
0,0.02371267
0,0.008296297
0,0.00016835374
0,0.38400093
0,2.301917e-05
0,0.007966044
0,3.1495485e-05
0,9.798395e-05
0,0.00867722
0,2.1270032e-05
0,3.1136726e-05
0,0.022971574
0,2.5927666e-05
0,0.00059550215
0,0.00039688213
0,0.0035031089
0,0.022654334
0,0.90848094
0,0.0058416305
0,0.17908844
0,0.009955443
0,0.0023664841
0,1.3930095e-05
0,0.059596602
0,0.0019198377
0,0.0004660984
0,0.018726556
0,0.09464646
0,7.601531e-06
0,0.020782674
0,2.4836523e-05
0,0.0011293897
0,0.025845343
0,0.014110256
0,0.23968843
0,0.24581333
0,0.014093298
0,0.0012776995
0,0.6177543
0,7.695361e-06
0,0.9701764
0,0.34528926
0,0.024409778
0,0.050924875
0,1.5891168e-05
0,1.0604304e-05
0,0.0014481656
0,0.016867831
0,0.0007235551
0,7.047328e-05
0,0.18223439
0,0.03591838
0,2.34074e-06
0,0.008509882
0,0.0007755421
0,0.0012571063
0,0.00012848218
0,0.4425458
0,8.146896e-05
0,0.84078825
0,0.0025726552
0,1.14668865e-05
0,0.00018666415
0,0.054443963
0,0.00015655067
0,0.00017153753
0,0.0004772721
0,0.0017050722
0,2.095516e-05
0,0.0008194291
0,0.67252654
0,0.001415355
0,0.00077576906
0,0.00012614937
0,0.00087975455
0,0.0014386957
0,0.18962295
0,4.320682e-05
0,0.0014791137
0,0.77280855
0,0.68372136
0,0.0038768344
0,0.0029362051
0,0.010641526
0,0.00044518086
0,0.13590638
0,1.1164328e-05
0,0.04526955
0,0.0017246084
0,5.669104e-05
0,0.019580409
0,3.1473115e-05
0,0.003979978
0,0.07583286
0,1.4490911e-05
0,0.8657791
0,0.00044984126
0,0.009234897
0,0.0002470578
0,0.01705454
0,0.055701744
0,5.7309167e-05
0,0.0043561812
0,0.0001609973
0,0.0139729325
0,0.9964702
0,0.055352647
0,0.0025268798
0,0.00028202866
0,0.030424528
0,0.0002050763
0,0.031854052
0,0.00022592672
0,0.12056101
0,1.5362426e-05
0,1.3744704e-05
0,0.004390902
0,0.0500469
0,0.0005817198
0,0.45967576
0,3.254171e-05
0,3.0015006e-05
0,0.012211728
0,0.0011315736
0,0.05330824
0,0.0047552995
0,0.06474819
0,0.62161165
0,1.083536e-05
0,0.9646976
0,0.063475065
0,0.00046267523
0,0.014952007
0,0.15061793
0,0.014548577
0,5.0251765e-05
0,3.4204237e-05
0,0.027557615
0,6.0530983e-05
0,0.0012274494
0,0.0020988558
0,0.029083967
0,0.41986853
0,0.0092835305
0,0.00013244904
0,0.86484843
0,0.0007126554
0,0.00047671032
0,0.86974025
0,4.6986206e-05
0,1.0795372e-05
0,0.0021271068
0,0.00013312443
0,0.9107827
0,0.70732385
0,0.8348771
0,5.482488e-05
0,0.038336933
0,3.616862e-05
0,0.0024562927
0,0.012078966
0,0.059888322
0,0.0013069847
0,0.00088624517
0,0.0022483028
0,0.24419005
0,0.89893395
0,0.0053535774
0,0.0025467845
0,0.0003520432
0,0.0039244336
0,8.046535e-06
0,0.68092436
0,0.65384555
0,0.0077049998
0,0.00013610536
0,2.5341033e-05
0,0.00045716797
0,5.703613e-05
0,0.2443278
0,0.0039979382
0,9.177624e-05
0,0.6901447
0,0.035342176
0,0.0018330048
0,0.034977797
0,1.44033265e-05
0,0.009754649
0,0.03597678
0,0.00033384733
0,0.049807753
0,0.0041419403
0,0.0054482385
0,0.004701616
0,0.01618152
0,0.00028730294
0,0.0012647718
0,0.0025043325
0,3.5930654e-05
0,0.00026467178
0,0.010003172
0,1.8288478e-06
0,0.59628755
0,0.226506
0,0.0020172198
0,0.010362762
0,0.00054519635
0,0.03392276
0,0.98532236
0,0.91014725
0,0.00048076382
0,0.00019212821
0,0.00015115374
0,0.0013485748
0,8.148338e-06
0,0.00014908805
0,0.01602559
0,0.060289904
0,0.12501776
0,8.458023e-06
0,2.9448998e-05
0,3.0010942e-05
0,1.926481e-05
0,0.33057064
0,0.545682
0,0.0002327978
0,0.023036534
0,0.008059928
0,1.3571716e-05
0,0.00440112
0,0.00019139663
0,0.003948631
0,0.00052865926
0,0.00012738584
0,0.018229133
0,2.4986382e-05
0,0.51430166
0,0.0026581795
0,0.00011652968
0,0.65782017
0,0.092153065
0,0.0023199155
0,0.00030003994
0,0.22978172
0,0.00013292667
0,0.93677044
0,0.1101097
0,0.020133331
0,0.005358285
0,0.017385762
0,1.3196594e-05
0,0.020517556
0,0.78132737
0,2.4394649e-05
0,0.30736354
0,0.99890685
0,0.010931573
0,0.03868192
0,0.0007543226
0,0.00956574
0,2.9742607e-05
0,0.0005612968
0,0.0015181227
0,0.013830539
0,1.53296e-05
0,0.010895707
0,0.0020495816
0,3.1615164e-05
0,0.014534957
0,0.0028699029
0,3.6488454e-05
0,4.5634428e-05
0,7.660413e-06
0,0.011368991
0,0.0023211152
0,0.00097651826
0,1.3905617e-05
0,0.023911705
0,0.032611083
0,0.71185285
0,0.0003273383
0,0.00013371269
0,0.0018305026
0,0.00014081996
0,0.0506652
0,0.00062807667
0,1.5732085e-05
0,0.0003097547
0,0.11926853
0,0.0005135777
0,0.9636797
0,0.00015009438
0,0.0011689885
0,4.84433e-05
0,0.011461587
0,0.0009807069
0,0.7317244
0,7.4755924e-05
0,0.0018088942
0,0.26069975
0,0.0033101377
0,0.016426522
0,1.5188823e-05
0,1.19220995e-05
0,1.6490327e-05
0,0.9796601
0,0.00015035075
0,0.0011599433
0,0.0074785776
0,0.41764057
0,0.060650975
0,0.0013110089
0,6.948128e-05
0,8.097366e-05
0,2.7291466e-05
0,0.002901255
0,0.039203007
0,1.5416537e-05
0,0.0005030329
0,0.01052699
0,0.0001381957
0,1.476991e-05
0,0.0019978029
0,0.0001538944
0,7.032485e-05
0,0.39240903
0,0.2476684
0,0.0022483799
0,3.9800252e-05
0,0.06645419
0,0.05703407
0,0.0028478208
0,0.00048559325
0,0.078186855
0,0.00019058606
0,0.0009921711
0,3.9697257e-05
0,0.030052848
0,0.0043690763
0,2.390499e-05
0,0.25843036
0,2.2482322e-05
0,3.4585308e-05
0,0.032289896
0,0.00096534105
0,0.009267782
0,0.54390895
0,0.0134335365
0,0.00047587336
0,5.5539327e-05
0,0.9841002
0,0.054663047
0,4.353468e-05
0,0.111920156
0,0.124487616
0,0.014540329
0,0.00015172051
0,0.85137594
0,0.0002896451
0,0.50199234
0,3.8109905e-05
0,0.3301853
0,0.007619324
0,0.0070770252
0,0.04179124
0,0.0022848176
0,6.04844e-06
0,2.6465517e-05
0,0.012638288
0,0.0019701603
0,0.00017065914
0,0.0012596078
0,5.7733846e-06
0,0.039170664
0,0.00013815341
0,0.76132214
0,0.044734508
0,3.327151e-05
0,0.083672084
0,8.2339275e-06
0,7.653519e-06
0,0.08708494
0,0.001161399
0,0.75015104
0,0.059725516
0,0.00017916782
0,0.051004197
0,0.010291399
0,0.00049291475
0,0.0062058256
0,2.4280837e-06
0,0.00032038102
0,0.40949756
0,3.635227e-05
0,0.037974093
0,0.0006956357
0,0.027549936
0,0.0025830779
0,0.03410645
0,2.1820137e-05
0,0.085028045
0,1.2216151e-05
0,0.14766195
0,0.088890605
0,0.0013080891
0,1.8293329e-06
0,1.9770294e-05
0,0.00011715796
0,0.24188961
0,5.983301e-05
0,0.7941655
0,0.0018504744
0,1.2567298e-05
0,0.0064374474
0,0.057748463
0,0.76243055
0,0.3506058
0,0.0020654092
0,0.030199885
0,0.0012265812
0,2.7113583e-05
0,8.06013e-06
0,0.14224376
0,0.003292158
0,0.00023896008
0,0.00022579795
0,0.116956815
0,1.0857827e-05
0,0.00091462984
0,0.006923121
0,0.124858215
0,0.028583983
0,0.41735953
0,0.36938134
0,1.780794e-05
0,3.1753036e-05
0,0.4089311
0,0.0014390909
0,0.90877545
0,0.0006755305
0,0.16945618
0,0.0012302832
0,2.4440324e-06
0,0.004850284
0,0.11995505
0,0.0010485402
0,0.00054623716
0,0.00017894381
0,0.0042223306
0,0.9301064
0,8.240485e-05
0,0.007962801
0,0.6089397
0,2.8426735e-05
0,0.04359407
0,0.9736439
0,0.0019925085
0,2.1535492e-05
0,0.0012001918
0,0.08111011
0,0.40567395
0,0.1873255
0,0.0001946206
0,0.0023492186
0,0.00046562857
0,2.4938581e-05
0,0.00015396414
0,0.005304468
0,0.0060157496
0,1.1495684e-05
0,2.7397207e-05
0,0.004822137
0,0.0017093827
0,5.153796e-05
0,0.00095645024
0,0.029951109
0,1.1036323e-05
0,0.005085943
0,0.06486191
0,0.009658455
0,0.0002114593
0,0.097903736
0,0.6426514
0,0.019952858
0,0.04496545
0,1.120393e-05
0,7.715523e-05
0,0.0020309582
0,0.018933838
0,0.0024461593
0,0.011321832
0,3.4502984e-05
0,0.19935118
0,0.0025567901
0,0.806302
0,0.05668958
0,1.2293332e-05
0,0.010261293
0,0.0003583227
0,0.01700925
0,0.00022080017
0,0.0012364791
0,3.5550624e-05
0,2.2414031e-05
0,0.18479507
0,1.2122566e-05
0,0.00040975513
0,3.4428802e-05
0,0.2810792
0,0.00018133543
0,0.0016635244
0,0.0001354974
0,0.00015838578
0,3.296843e-05
0,6.466715e-05
0,0.024470793
0,1.5449137e-05
0,0.078449026
0,0.021869754
0,0.008055778
0,2.6956934e-05
0,6.592698e-05
0,0.23229364
0,0.021335617
0,0.25009653
0,0.0012927903
0,2.5132518e-05
0,0.00030882968
0,0.9422418
0,0.0004044526
0,0.24406706
0,0.009922046
0,0.00017355935
0,0.62404907
0,0.015510651
0,0.012254856
0,0.00064165273
0,0.0044553345
0,0.7148451
0,0.00040208333
0,0.8149586
0,0.0009866792
0,0.0045948275
0,0.8125133
0,2.0431382e-05
0,0.0006848152
0,0.0013854582
0,0.00082081585
0,8.772013e-05
0,0.0004174626
0,5.641179e-05
0,2.3106553e-05
0,0.00046418447
0,0.00020436873
0,1.4855797e-05
0,0.7557341
0,0.0012066213
0,0.00787841
0,0.0039917454
0,0.027165137
0,0.00016939733
0,0.009359754
0,0.011018386
0,0.0066808285
0,0.015256399
0,0.0006252233
0,0.0006782383
0,6.0195798e-05
0,0.0022528449
0,2.083282e-06
0,0.013268462
0,4.156767e-05
0,0.021374473
0,0.15922599
0,0.059605606
0,2.8776187e-05
0,0.0019336315
0,0.23572363
0,0.0053133117
0,0.009913511
0,1.05237095e-05
0,2.7650261e-05
0,0.17130828
0,2.8539354e-05
0,0.6361061
0,0.0025310281
0,0.10206279
0,0.24300069
0,0.030893717
0,0.007225047
0,0.036325928
0,0.010844376
0,0.8845889
0,0.00042003888
0,0.00016228175
0,7.773999e-06
0,0.0879134
0,0.00059786654
0,0.032324094
0,0.01127676
0,0.12258955
0,0.047570616
0,0.33611307
0,0.0001603497
0,0.8527487
0,0.5794494
0,0.0019755983
0,0.00017240857
0,1.1405811e-05
0,7.4473515e-05
0,0.0012760296
0,1.6471874e-06
0,0.9404751
0,0.3096324
0,0.0006892949
0,0.00343888
0,7.335702e-06
0,3.9478036e-05
0,0.058822647
