1,30
2,30
3,30
4,30
5,13
6,30
7,25
8,30
9,13
10,30
11,30
12,30
13,13
14,30
15,13
15,30
16,30
16,47
17,13
18,30
19,30
20,47
21,22
22,68
23,68
24,13
24,30
24,47
25,30
26,30
27,30
28,30
29,13
30,30
31,47
32,30
33,47
34,30
35,13
35,30
35,47
36,13
37,68
38,21
39,30
40,30
41,68
42,21
43,68
44,13
45,30
46,13
47,10
47,13
47,47
48,13
48,68
49,30
50,13
51,21
52,30
53,47
54,68
55,13
56,47
57,13
58,47
59,30
60,68
61,13
62,47
63,13
64,30
65,13
66,21
67,30
68,30
69,68
70,30
71,30
71,68
72,30
73,30
74,13
75,30
76,3
76,13
76,68
77,30
77,68
78,30
79,13
80,68
81,68
82,30
83,66
84,21
85,47
85,77
86,68
87,13
87,25
88,47
89,47
90,68
91,13
92,13
93,13
94,13
95,13
96,13
97,13
98,13
99,13
100,13
101,13
102,13
103,13
104,13
105,77
106,13
107,13
108,47
109,30
110,30
111,30
112,13
113,30
114,30
115,30
116,30
117,47
118,13
119,47
120,47
121,30
122,13
123,68
124,13
125,13
126,30
127,13
128,21
129,13
130,13
131,13
132,13
133,47
134,13
135,13
136,13
137,13
138,30
139,13
140,13
140,47
141,47
142,13
143,13
144,47
145,13
146,13
147,13
148,13
149,13
150,47
151,13
152,13
153,13
154,13
155,13
156,13
157,13
158,47
159,13
160,13
161,47
162,47
163,30
164,13
165,13
166,13
167,47
168,30
169,13
170,13
171,13
172,13
173,13
174,47
175,30
176,13
177,13
178,13
179,13
180,13
181,13
182,13
183,30
184,47
185,47
186,13
187,13
188,13
189,13
190,13
191,13
192,13
193,13
194,13
195,13
196,13
197,13
198,13
199,13
200,13
201,13
202,13
203,47
204,13
205,13
206,13
207,13
208,13
209,13
210,13
211,13
212,13
213,13
214,13
215,13
216,13
217,13
218,13
219,13
220,13
221,13
222,13
223,13
224,13
225,13
226,13
227,63
228,47
229,13
230,13
230,30
231,47
232,47
233,30
234,21
234,36
234,68
234,77
235,13
236,30
237,30
238,21
239,13
239,21
239,30
239,36
239,64
239,68
240,13
241,47
242,47
243,68
244,47
245,30
246,13
247,64
248,47
249,30
250,30
251,13
252,68
253,13
253,30
253,36
254,47
255,30
256,30
257,13
257,66
258,13
259,30
260,16
260,19
261,13
261,21
261,26
261,30
261,64
261,68
262,21
262,54
262,64
263,13
263,30
264,21
265,8
265,13
265,30
266,13
266,68
267,30
268,47
269,13
270,68
271,47
272,21
273,13
274,13
274,68
275,30
276,13
276,21
276,26
276,47
276,52
277,30
278,68
279,13
280,47
281,13
281,30
282,10
282,13
282,26
283,13
283,30
284,68
285,68
286,21
286,64
287,13
288,21
289,42
290,13
290,47
291,13
292,13
293,30
294,13
294,30
295,13
296,13
297,13
297,68
298,21
298,68
299,64
300,13
300,67
300,68
301,68
302,68
303,21
303,68
303,77
304,30
305,13
306,30
307,13
308,30
308,77
309,47
310,13
310,30
311,47
312,21
313,13
313,21
313,47
313,68
314,21
315,30
316,13
317,13
318,66
319,13
320,30
321,21
321,30
321,42
322,68
323,21
323,64
323,68
324,13
325,30
326,13
327,13
328,13
329,30
330,21
330,30
330,68
331,30
332,13
333,47
334,30
335,13
336,13
337,13
338,13
339,13
340,30
340,68
341,47
342,13
343,68
344,13
345,21
346,30
347,13
348,30
349,64
350,30
351,13
352,30
353,30
354,30
355,47
356,30
357,30
358,30
359,30
360,30
361,13
362,30
363,30
364,30
365,30
366,30
367,30
368,30
369,30
370,30
371,30
372,30
373,13
373,30
374,30
375,30
376,30
377,13
378,30
379,30
380,13
381,30
382,30
383,68
384,68
385,68
386,30
386,68
387,68
388,42
389,66
390,68
391,68
392,68
393,68
394,68
395,68
396,68
397,13
397,30
397,42
397,68
398,30
399,47
400,25
401,21
401,42
402,13
402,30
402,68
403,21
404,13
404,16
404,21
404,23
404,32
404,46
404,47
404,64
404,68
404,77
405,47
406,68
407,21
408,30
409,13
409,64
410,30
411,13
412,4
413,30
413,68
414,13
415,30
416,21
417,13
418,13
418,30
419,30
420,47
421,30
422,68
423,30
424,30
425,42
426,21
427,30
428,51
429,64
430,13
431,30
432,13
433,13
434,13
434,47
435,13
436,47
437,13
438,13
439,47
440,13
441,47
442,13
443,47
444,13
445,13
446,13
447,13
448,13
449,13
450,13
451,13
452,13
453,13
454,13
455,13
456,13
457,47
458,13
459,68
460,13
461,13
462,13
463,13
464,13
465,13
466,13
467,13
468,13
469,13
470,13
471,13
472,13
473,47
474,13
475,13
476,13
477,13
478,13
479,13
480,13
481,13
482,13
483,13
484,13
485,13
486,13
487,13
488,13
489,13
490,13
491,13
492,13
493,13
494,13
495,13
496,13
497,13
498,13
499,13
500,30
501,13
502,30
503,47
504,30
505,47
505,68
506,13
507,13
508,13
508,75
509,13
509,23
510,13
510,66
511,21
512,47
513,47
514,13
515,30
515,68
516,13
517,47
518,30
519,13
520,21
521,68
522,13
522,30
523,30
524,47
525,13
526,13
526,21
527,68
528,21
529,13
530,13
531,13
532,30
533,13
534,30
535,30
536,21
537,30
538,30
539,68
540,68
541,30
542,25
543,13
544,30
545,68
546,30
547,13
548,30
549,30
550,30
551,30
552,68
553,13
554,68
555,30
556,13
557,68
558,68
559,30
560,68
561,30
562,30
563,47
564,47
565,47
566,30
567,13
568,30
569,68
570,30
570,66
571,30
572,68
573,21
574,47
575,14
576,13
577,47
578,13
578,64
579,21
580,13
580,21
580,30
580,68
581,13
582,30
583,30
584,30
585,30
586,30
587,46
588,13
588,68
589,30
590,13
591,13
592,30
593,21
594,47
595,13
596,30
597,21
598,68
599,13
600,13
601,30
602,13
603,68
604,30
605,30
606,13
607,68
608,13
608,68
609,47
610,13
611,13
611,64
612,36
612,64
613,13
613,16
613,21
613,26
613,30
613,42
613,66
614,30
615,30
616,64
617,30
618,14
619,13
620,13
621,68
622,13
622,68
623,21
624,30
625,13
626,13
627,66
628,32
629,47
630,13
630,32
630,66
630,70
630,72
630,76
631,13
631,47
632,13
632,30
632,32
633,13
633,30
633,66
634,5
634,13
634,15
634,19
634,21
634,26
634,32
634,47
634,64
634,66
634,67
635,13
635,66
636,13
636,17
636,64
636,76
637,11
637,13
637,68
638,13
638,21
638,26
638,32
638,47
638,49
638,64
638,66
638,67
638,72
638,76
638,79
639,72
639,76
640,13
640,17
640,30
641,7
641,13
641,30
641,47
641,64
641,66
642,30
642,76
643,25
644,13
644,21
644,47
644,64
644,67
645,17
645,30
645,64
645,76
646,17
646,21
646,76
647,13
647,30
647,32
647,66
648,13
648,17
648,21
649,17
649,66
649,76
650,13
650,21
650,30
650,47
650,77
651,13
651,21
651,47
651,77
652,10
652,13
652,21
652,23
652,25
652,26
652,30
652,64
652,68
653,13
653,30
654,11
654,72
654,76
655,72
655,76
656,21
656,47
656,66
657,47
658,13
658,32
658,47
659,13
659,18
659,19
659,21
659,26
659,30
659,32
659,39
659,47
659,65
659,68
659,72
659,73
659,76
659,77
660,21
660,47
661,5
661,13
661,15
661,21
661,25
661,26
661,42
661,67
661,77
662,13
662,17
662,21
662,47
662,61
662,76
663,13
664,30
665,72
665,76
666,13
666,76
667,13
668,17
668,30
668,47
668,53
669,13
669,21
669,32
669,47
670,72
670,76
671,30
671,47
671,76
672,13
672,47
673,32
674,11
675,13
676,30
677,17
677,76
678,13
678,21
678,26
678,47
678,64
678,66
679,13
679,21
679,25
679,26
679,32
679,47
679,66
680,13
680,32
681,13
681,64
682,13
682,17
682,21
682,24
682,47
682,64
682,66
682,68
682,72
682,76
682,77
683,13
683,25
683,32
684,13
684,30
684,76
685,13
685,17
685,18
685,21
685,25
685,30
685,32
685,64
685,68
685,76
686,1
686,10
686,13
686,21
686,25
686,30
686,41
686,42
686,47
686,66
686,67
686,77
687,13
687,21
687,30
687,66
688,21
689,11
689,13
689,21
689,30
689,32
689,47
689,48
689,50
689,68
690,6
690,13
690,21
690,30
690,47
690,59
690,64
690,66
690,68
690,72
690,76
690,77
691,11
691,30
691,47
691,68
692,30
693,3
693,10
693,11
693,13
693,16
693,17
693,18
693,21
693,25
693,30
693,32
693,33
693,46
693,53
693,66
693,72
693,77
694,10
694,13
694,17
694,18
694,21
694,26
694,30
694,32
694,42
694,64
694,66
694,68
695,13
695,47
696,7
696,13
696,15
696,21
696,30
696,64
696,66
696,77
697,47
698,13
698,17
698,30
698,32
698,76
698,78
699,13
699,15
699,21
699,30
699,32
699,42
699,47
699,61
699,66
700,21
700,30
701,21
701,30
702,13
702,21
702,25
702,30
702,32
702,42
702,47
702,66
702,68
702,77
702,78
703,13
703,17
703,66
703,76
704,11
704,13
704,21
704,26
704,30
704,47
704,78
705,10
705,13
705,18
705,21
705,26
705,28
705,30
705,32
705,41
705,47
705,54
705,63
705,64
705,66
705,68
705,71
705,77
705,78
706,13
706,16
706,21
706,26
706,28
706,30
706,32
706,41
706,47
706,61
706,63
706,66
706,67
706,68
706,69
706,71
706,77
706,78
707,13
707,14
707,21
707,30
707,32
707,61
707,66
708,5
708,13
708,15
708,30
708,42
708,66
708,67
709,13
710,13
710,17
710,21
710,30
710,32
710,61
710,66
710,76
711,13
711,17
711,21
711,26
711,46
711,47
711,48
711,76
712,13
712,18
712,21
712,32
712,64
712,66
713,11
713,13
713,15
713,17
713,21
713,72
713,76
713,77
714,17
714,30
714,76
715,17
715,76
716,13
716,21
716,30
716,32
716,47
716,64
716,66
716,76
717,30
717,66
718,11
718,13
718,19
718,21
718,47
718,48
718,66
719,30
720,11
720,17
720,21
720,32
720,47
720,66
720,76
721,21
722,30
722,47
722,64
723,10
723,21
723,30
723,32
723,47
723,72
723,76
723,77
724,11
724,13
724,21
724,26
724,30
724,42
724,47
724,48
724,53
724,64
724,72
724,76
724,77
725,11
725,13
725,17
725,47
725,68
725,76
726,10
726,11
726,13
726,21
726,30
726,42
726,47
726,53
726,64
726,66
726,68
727,11
727,13
727,66
727,77
727,78
728,30
728,72
728,76
729,13
729,26
729,68
730,17
730,76
731,10
731,13
731,17
731,19
731,21
731,24
731,30
731,47
731,64
731,66
731,68
731,76
731,77
732,1
732,13
732,21
732,25
732,26
732,30
732,44
732,47
732,66
732,77
733,13
733,30
734,13
734,21
734,26
734,32
734,72
734,76
735,13
735,21
735,32
735,47
736,13
736,18
736,21
736,30
736,32
736,42
736,46
736,47
736,66
736,68
737,30
738,47
739,13
739,21
739,47
739,64
739,66
740,13
740,47
741,21
741,32
742,10
742,13
742,17
742,18
742,19
742,21
742,26
742,30
742,42
742,47
742,64
742,69
742,76
742,77
743,13
743,21
744,11
744,13
744,17
744,18
744,19
744,21
744,24
744,30
744,32
744,42
744,64
744,66
744,68
744,72
744,77
744,78
745,11
745,76
746,13
746,21
746,30
746,68
746,72
746,76
747,32
748,11
748,68
749,32
750,11
751,13
751,21
751,32
751,66
752,5
752,10
752,13
752,21
752,30
752,32
752,42
752,64
752,66
752,67
752,76
752,77
753,11
753,13
753,21
753,30
753,42
753,47
753,64
753,66
753,72
753,77
753,78
754,13
754,21
754,30
754,47
754,64
754,67
755,30
755,68
756,64
757,11
757,13
757,15
757,17
757,19
757,21
757,28
757,30
757,32
757,40
757,47
757,64
757,66
757,68
757,72
757,76
757,77
758,13
758,17
758,30
758,76
759,11
759,13
759,15
759,18
759,19
759,21
759,30
759,40
759,47
759,50
759,64
759,66
759,72
759,76
759,77
760,13
760,21
760,30
760,68
761,1
761,13
761,17
761,21
761,30
761,32
761,42
761,47
761,54
761,64
761,67
761,77
762,32
763,32
764,13
765,13
765,30
765,32
765,68
766,13
767,7
767,10
767,13
767,15
767,21
767,26
767,30
767,42
767,47
767,53
767,63
767,64
767,67
767,68
767,72
767,76
767,77
768,5
768,13
768,15
768,26
768,30
768,36
768,42
768,47
768,53
768,66
768,67
768,68
768,77
768,78
769,13
769,17
769,21
769,68
769,76
770,13
770,47
771,13
771,21
771,30
771,32
771,61
771,76
771,77
772,11
773,13
773,21
773,26
773,30
773,31
773,47
773,53
773,56
773,57
773,64
773,66
773,67
773,68
773,76
773,77
774,10
774,13
774,15
774,17
774,21
774,24
774,26
774,30
774,32
774,42
774,47
774,53
774,59
774,64
774,66
774,72
774,76
774,77
775,13
775,21
776,13
776,17
776,18
776,21
776,26
776,28
776,30
776,42
776,47
776,64
776,66
776,67
776,68
776,71
777,11
777,77
778,11
778,13
778,21
778,26
778,30
778,32
778,38
778,42
778,66
778,68
779,7
779,11
780,13
780,21
780,25
780,30
780,32
780,37
780,47
780,64
780,68
780,72
780,76
781,13
781,21
782,13
782,42
782,76
783,13
783,47
783,68
784,13
784,17
784,21
784,66
784,68
784,76
785,21
786,68
787,32
788,21
789,11
789,13
789,32
790,30
790,66
791,13
791,30
791,66
791,77
792,11
793,17
793,30
793,72
793,76
794,13
794,21
795,32
796,13
797,11
798,21
799,30
800,30
800,76
801,30
801,32
801,53
802,13
802,17
802,30
802,66
802,72
802,76
803,17
803,25
803,32
803,76
804,47
805,13
805,16
805,21
805,30
805,47
805,64
805,66
805,72
805,76
805,77
806,66
807,13
808,13
808,21
808,47
809,13
809,46
809,47
810,11
810,13
810,19
810,21
810,26
810,30
810,42
810,47
810,48
810,72
810,76
810,77
811,13
811,17
811,30
811,47
811,53
811,64
811,66
812,13
812,47
813,13
813,18
813,21
813,30
813,53
813,64
813,66
813,67
814,66
814,72
815,13
815,19
815,21
815,47
815,66
816,21
816,30
817,13
817,53
818,13
818,32
818,64
819,2
819,13
819,30
819,64
820,13
820,21
820,26
820,30
820,47
820,64
820,66
821,11
821,32
822,9
822,10
822,11
822,13
822,17
822,19
822,21
822,24
822,25
822,26
822,30
822,35
822,42
822,47
822,48
822,58
822,60
822,62
822,64
822,66
822,68
822,72
822,76
822,77
823,41
823,47
824,5
824,13
824,15
824,42
824,67
824,72
824,76
825,13
825,21
825,30
825,32
825,47
825,72
825,76
826,17
827,13
827,21
827,30
827,42
827,53
827,64
827,66
828,30
829,5
829,15
829,24
829,67
829,78
830,11
830,13
830,30
831,32
831,47
832,13
832,21
832,30
832,32
832,46
833,13
833,17
833,47
833,76
833,78
834,13
834,53
835,13
835,30
835,53
836,32
837,30
838,13
838,21
838,76
839,13
839,30
840,32
840,76
841,13
841,30
841,47
842,76
843,21
843,26
843,46
843,77
843,78
844,21
845,13
845,30
845,76
846,32
847,30
848,30
849,13
849,21
849,30
849,68
850,1
850,13
850,21
850,30
850,47
850,67
851,1
851,13
851,21
851,30
851,67
851,68
852,13
852,21
852,25
852,30
853,32
853,66
854,13
855,13
856,11
856,13
856,21
856,24
856,30
856,46
856,47
856,48
856,64
856,66
857,13
857,21
857,32
857,47
857,76
858,21
859,7
859,13
859,21
860,13
860,21
860,24
860,30
860,42
860,59
860,66
861,11
861,30
861,64
861,68
861,77
862,13
862,72
863,13
863,21
863,30
864,66
865,11
865,17
865,72
865,76
866,11
866,13
866,17
866,21
866,26
866,32
866,42
866,47
866,61
866,76
867,17
867,76
868,13
868,32
868,46
869,26
870,11
871,13
872,76
873,46
874,66
875,13
875,25
875,30
875,66
875,76
876,13
876,21
876,63
876,76
877,32
878,13
878,21
878,30
878,47
878,64
878,68
879,13
879,24
879,32
879,64
879,68
879,78
880,1
880,13
880,17
880,21
880,26
880,30
880,32
880,53
880,64
880,66
880,67
880,76
880,77
881,13
882,21
883,13
883,76
884,13
884,21
884,30
884,76
885,10
885,13
885,21
885,32
885,77
886,30
887,13
888,32
889,30
889,32
890,13
891,13
891,66
892,13
892,21
892,64
893,10
893,13
893,21
894,30
895,7
896,30
897,13
898,21
899,21
899,30
900,30
901,21
902,46
903,32
904,30
905,17
905,76
906,17
906,30
906,53
907,5
907,42
907,67
908,11
909,13
909,30
909,68
910,30
910,32
911,11
911,13
911,47
911,48
911,53
911,71
912,17
912,21
912,72
912,76
913,11
914,11
914,14
914,21
914,26
914,30
914,32
914,66
914,77
914,78
915,32
916,13
917,13
917,47
917,64
917,66
917,72
917,76
918,21
918,26
918,42
918,68
918,77
919,17
919,27
919,76
920,30
921,32
922,66
923,13
924,17
925,11
925,68
926,68
927,79
928,13
928,42
929,13
930,66
931,11
932,13
933,11
934,13
935,17
935,66
935,76
936,13
937,13
937,21
938,13
938,30
939,11
939,30
940,32
941,30
942,17
942,30
942,76
943,11
944,11
944,21
945,30
945,66
946,5
946,15
946,42
947,17
948,5
948,15
948,42
948,67
949,32
950,13
951,13
952,76
953,25
954,11
955,30
956,10
956,13
956,21
956,26
956,30
956,64
956,66
956,77
957,30
957,61
958,21
958,32
958,47
959,10
959,13
959,21
959,30
960,13
961,32
961,76
962,11
962,13
962,21
962,30
962,47
962,64
962,66
962,76
962,77
963,7
963,13
963,17
963,21
963,25
963,30
963,47
963,68
963,76
963,77
964,13
965,13
965,32
965,55
965,72
965,76
966,72
967,11
968,17
968,21
969,13
970,13
970,21
970,30
970,64
971,21
971,30
972,13
972,66
972,77
973,13
973,21
973,26
973,30
973,77
974,32
975,13
976,11
976,13
976,17
976,21
976,26
976,30
976,47
976,53
976,66
976,68
976,76
977,13
977,17
977,47
977,76
978,13
978,17
978,21
978,30
978,32
978,77
979,17
979,76
980,21
981,13
981,17
981,30
981,42
981,76
982,13
982,17
982,47
982,72
982,76
983,21
983,72
983,76
984,72
985,17
985,21
985,30
985,42
985,76
985,78
986,32
987,13
987,30
987,66
987,72
988,13
988,26
988,76
989,13
989,72
989,76
990,13
990,21
991,30
992,13
992,78
993,9
993,13
993,21
993,46
993,72
993,76
994,13
994,21
994,66
995,13
995,21
996,13
996,21
996,72
996,76
997,13
997,21
997,66
998,13
998,66
999,68
1000,17
1000,76
1001,47
1001,64
1002,11
1002,13
1002,47
1002,61
1003,13
1003,30
1003,32
1004,72
1004,76
1005,72
1005,76
1006,26
1006,34
1006,68
1007,21
1007,77
1007,78
1008,11
1008,72
1008,76
1009,21
1010,76
1011,30
1011,64
1012,76
1013,11
1013,21
1013,30
1014,30
1015,72
1015,76
1016,13
1017,47
1018,13
1018,21
1019,13
1020,17
1020,47
1020,76
1021,13
1021,66
1021,72
1021,76
1022,13
1022,17
1022,76
1023,13
1023,76
1024,11
1025,11
1025,13
1025,21
1025,47
1025,63
1025,64
1025,72
1025,76
1025,77
1025,78
1026,10
1026,13
1026,17
1026,21
1026,30
1026,44
1026,46
1026,47
1026,53
1026,68
1026,72
1026,76
1026,77
1027,30
1028,13
1028,21
1028,26
1028,30
1028,32
1028,68
1028,77
1028,78
1029,11
1029,21
1029,26
1029,77
1029,78
1030,21
1030,26
1030,30
1030,77
1030,78
1031,13
1031,18
1031,21
1031,25
1031,76
1031,77
1031,78
1032,13
1032,21
1032,30
1032,47
1033,32
1034,13
1034,21
1034,32
1034,47
1035,11
1035,30
1036,13
1036,66
1036,72
1036,76
1037,30
1037,47
1037,76
1038,11
1039,13
1039,21
1039,30
1040,13
1041,13
1041,21
1041,30
1041,32
1042,7
1043,21
1043,76
1044,21
1044,76
1045,10
1045,17
1045,21
1046,30
1047,13
1047,76
1048,30
1049,13
1049,72
1049,76
1050,13
1050,47
1050,76
1051,13
1051,25
1052,21
1052,30
1052,76
1053,30
1053,47
1053,66
1053,76
1054,13
1054,17
1054,18
1054,21
1054,32
1054,44
1054,64
1054,66
1054,72
1054,76
1055,21
1055,26
1055,72
1055,76
1055,77
1055,78
1056,13
1056,21
1056,72
1056,76
1057,13
1057,32
1057,64
1057,66
1058,13
1058,21
1058,47
1058,62
1058,70
1058,72
1058,76
1059,25
1060,13
1060,17
1060,21
1060,76
1060,77
1060,78
1061,66
1062,21
1062,72
1062,76
1063,13
1064,68
1065,11
1065,13
1066,16
1066,21
1066,30
1066,47
1066,59
1066,72
1066,76
1067,11
1068,11
1068,64
1069,13
1069,21
1069,32
1069,47
1069,53
1069,64
1070,13
1070,15
1070,17
1070,30
1070,32
1070,45
1070,64
1070,76
1071,13
1071,32
1071,64
1072,11
1073,30
1074,30
1074,32
1074,64
1074,66
1075,24
1075,66
1075,68
1076,68
1077,17
1078,11
1079,17
1080,13
1081,13
1081,21
1082,76
1083,13
1084,11
1085,13
1086,47
1087,11
1087,21
1087,30
1087,32
1087,76
1087,77
1087,78
1088,32
1089,11
1090,30
1091,47
1092,13
1093,13
1094,13
1094,17
1094,21
1094,47
1095,11
1095,13
1096,13
1097,13
1098,13
1098,21
1099,11
1100,32
1101,30
1101,76
1102,11
1103,11
1104,11
1105,11
1106,17
1106,76
1107,13
1108,11
1109,11
1110,13
1110,17
1110,21
1111,11
1112,17
1112,21
1113,13
1114,13
1115,30
1116,11
1117,68
1118,21
1118,30
1118,64
1119,1
1119,13
1119,21
1119,26
1119,30
1119,47
1119,64
1119,68
1119,76
1119,77
1120,17
1120,47
1120,76
1121,11
1122,32
1123,13
1124,11
1124,21
1124,26
1125,13
1125,32
1125,72
1125,76
1126,13
1126,17
1126,30
1126,32
1126,76
1127,13
1127,21
1128,21
1128,47
1129,32
1130,13
1130,72
1130,76
1131,17
1131,25
1131,76
1132,11
1133,17
1133,76
1133,78
1134,25
1135,13
1135,17
1135,76
1136,21
1137,11
1137,13
1137,17
1137,30
1137,32
1137,64
1137,72
1137,76
1138,13
1139,21
1139,32
1140,11
1140,13
1140,66
1141,21
1142,13
1142,21
1142,47
1143,21
1143,32
1144,13
1144,17
1144,47
1144,64
1144,76
1145,10
1145,13
1145,17
1145,76
1146,13
1146,18
1146,19
1146,21
1146,26
1146,47
1146,66
1146,68
1146,72
1146,77
1146,78
1147,30
1147,47
1148,11
1148,13
1148,18
1148,21
1148,30
1148,47
1148,64
1148,66
1148,68
1148,77
1149,17
1149,66
1149,76
1150,1
1150,13
1150,17
1150,21
1150,64
1150,66
1151,68
1152,64
1153,13
1154,64
1155,21
1156,64
1157,64
1158,64
1159,64
1160,64
1161,64
1162,25
1163,64
1164,21
1165,21
1165,64
1166,64
1167,64
1168,21
1168,47
1169,21
1170,64
1171,64
1172,64
1173,64
1174,64
1175,64
1176,64
1177,21
1178,64
1179,64
1180,64
1181,64
1182,64
1183,64
1184,64
1185,25
1186,64
1187,64
1188,64
1189,64
1190,30
1191,21
1192,21
1193,64
1194,64
1195,64
1196,64
1197,64
1198,64
1199,64
1200,64
1201,64
1202,47
1203,64
1204,64
1205,64
1206,64
1207,25
1207,64
1208,64
1209,64
1210,64
1211,64
1212,64
1213,64
1214,64
1215,64
1216,64

